{
  "text_typo": {
    "summary": "rce_plugin_blurb_typo",
    "placeholder": "rce_plugin_suggestion_typo",
    "error_type": "error_text_typo",
    "comment_mandatory": false
  },
  "text_missingtext": {
    "summary": "rce_plugin_blurb_missingtext",
    "placeholder": "rce_plugin_suggestion_missingtext",
    "error_type": "error_text_missingtext",
    "comment_mandatory": true
  },
  "text_redundancy": {
    "summary": "rce_plugin_blurb_redundancy",
    "placeholder": "rce_plugin_suggestion_redundancy",
    "error_type": "error_text_redundancy",
    "comment_mandatory": true
  },
  "text_punctuation": {
    "summary": "rce_plugin_blurb_punctuation",
    "placeholder": "rce_plugin_suggestion_punctuation",
    "error_type": "error_text_punctuation",
    "comment_mandatory": false
  },
  "text_ploterror": {
    "summary": "rce_plugin_blurb_ploterror",
    "placeholder": "rce_plugin_suggestion_ploterror",
    "error_type": "error_more_ploterror",
    "comment_mandatory": true
  },
  "text_factualerror": {
    "summary": "rce_plugin_blurb_factualerror",
    "placeholder": "rce_plugin_suggestion_factualerror",
    "error_type": "error_more_factualerror",
    "comment_mandatory": true
  },
  "image_poorquality": {
    "summary": "rce_plugin_blurb_poorquality",
    "placeholder": "rce_plugin_suggestion_poorquality",
    "error_type": "error_image_poorquality",
    "comment_mandatory": true
  },
  "image_illegible": {
    "summary": "rce_plugin_blurb_illegible",
    "placeholder": "rce_plugin_suggestion_illegible",
    "error_type": "error_image_illegible",
    "comment_mandatory": false
  },
  "image_missingimage": {
    "summary": "rce_plugin_blurb_missingimage",
    "placeholder": "rce_plugin_suggestion_missingimage",
    "error_type": "error_image_missingimage",
    "comment_mandatory": true
  },
  "image_inaccurate": {
    "summary": "rce_plugin_blurb_inaccurate",
    "placeholder": "rce_plugin_suggestion_inaccurate",
    "error_type": "error_image_inaccurate",
    "comment_mandatory": true
  },
  "formatting": {
    "summary": "rce_plugin_blurb_formatting",
    "placeholder": "rce_plugin_suggestion_formatting",
    "error_type": "error_more_formatting",
    "comment_mandatory": true
  },
  "other": {
    "summary": "rce_plugin_blurb_other",
    "placeholder": "rce_plugin_suggestion_other",
    "error_type": "error_more_other",
    "comment_mandatory": true
  }
}
