{
  "text": [
    {
      "subcategory": "rce_plugin_typo",
      "subcategory_id": "typo"
    },
    {
      "subcategory": "rce_plugin_missingtext",
      "subcategory_id": "missingtext"
    },
    {
      "subcategory": "rce_plugin_redundancy",
      "subcategory_id": "redundancy"
    },
    {
      "subcategory": "rce_plugin_punctuation",
      "subcategory_id": "punctuation"
    },
    {
      "subcategory": "rce_plugin_ploterror",
      "subcategory_id": "ploterror"
    },
    {
      "subcategory": "rce_plugin_factualerror",
      "subcategory_id": "factualerror"
    }
  ],
  "image": [
    {
      "subcategory": "rce_plugin_poorquality",
      "subcategory_id": "poorquality"
    },
    {
      "subcategory": "rce_plugin_illegible",
      "subcategory_id": "illegible"
    },
    {
      "subcategory": "rce_plugin_missingimage",
      "subcategory_id": "missingimage"
    },
    {
      "subcategory": "rce_plugin_inaccurate",
      "subcategory_id": "inaccurate"
    }
  ]
}
