{
  "requiredWidgets" : [
    "headerWidget"
  ],
  "options" : {
    "providesHeaderInfo" : true
  },
  "widgetPlacements" : {
    "footer" : [
      {
        "widgetSlots" : [
          [
            "readerSettingsWidget"
          ]
        ]
      }
    ],
    "body" : [
      {
        "titleKey" : "welcomeGroup",
        "widgetSlots" : [
          [
            "welcomeTextWidget"
          ]
        ]
      },
      {
        "widgetSlots" : [
          [
            "headerWidget"
          ]
        ]
      },
      {
        "widgetSlots" : [
          [
            "markAsReadingWidget"
          ]
        ]
      },
      {
        "titleKey" : "audibleGroup",
        "widgetSlots" : [
          [
            "audibleNarration"
          ]
        ]
      },
      {
        "titleKey" : "readingTimeGroup",
        "widgetSlots" : [
          [
            "timeToReadWidget"
          ]
        ]
      },
      {
        "titleKey" : "seriesGroup",
        "widgetSlots" : [
          [
            "positionInSeriesWidgetWithText"
          ],
          [
            "previousBookInTheSeriesWidget"
          ]
        ]
      },
      {
        "titleKey" : "authorsGroupWithSingleAuthor",
        "widgetSlots" : [
          [
            "aboutTheAuthorWidget"
          ],
          [
            "authorNamesListWidget"
          ],
          [
            "authorRecsBookGridWidgetWithTitleSingleAuthor",
            "authorRecsShovelerWidgetWithTitleNoPlaceholderSingleAuthor"
          ]
        ]
      },
      {
        "titleKey" : "xrayGroup",
        "widgetSlots" : [
          [
            "xray"
          ]
        ]
      },
      {
        "titleKey" : "popularHighlightsGroup",
        "widgetSlots" : [
          [
            "popularHighlightsTextWidget"
          ]
        ]
      },
      {
        "titleKey" : "kuTeaserGroup",
        "widgetSlots" : [
          [
            "kuTeaserWidget"
          ]
        ]
      },
      {
        "widgetSlots" : [
          [
            "grokTeaserWidget"
          ]
        ]
      },
      {
        "titleKey" : "citationsGroup",
        "widgetSlots" : [
          [
            "citationRecsBookGridWidget",
            "citationRecsShovelerWidget"
          ]
        ]
      }
    ]
  },
  "class" : "groupedLayoutWithFooter",
  "metricsTag" : "glf",
  "strings" : {
    "popularHighlightsGroup" : {
      "hi-IN" : "लोकप्रिय हाइलाइट",
      "nl" : "Populaire markeringen",
      "pt-BR" : "Destaques populares",
      "en-CA" : "Popular Highlights",
      "ja" : "ポピュラー・ハイライト",
      "en-IN" : "Popular Highlights",
      "en-US" : "Popular Highlights",
      "zh-CN" : "热门标注",
      "en-AU" : "Popular Highlights",
      "es-US" : "Subrayados populares",
      "fr" : "Passages les plus surlignés",
      "it" : "Evidenziazioni frequenti",
      "ru" : "Популярные отрывки",
      "en" : "Popular Highlights",
      "es-MX" : "Subrayados populares",
      "es" : "Subrayados populares",
      "fr-CA" : "Passages les plus surlignés",
      "de" : "Beliebte Markierungen",
      "zh-TW" : "熱門標記"
    },
    "welcomeGroup" : {
      "hi-IN" : "आपका स्वागत है!",
      "nl" : "Welkom",
      "pt-BR" : "Bem-vindo!",
      "en-CA" : "Welcome!",
      "ja" : "ようこそ!",
      "en-IN" : "Welcome!",
      "en-US" : "Welcome!",
      "zh-CN" : "欢迎！",
      "en-AU" : "Welcome!",
      "es-US" : "¡Te damos la bienvenida!",
      "fr" : "Bienvenue !",
      "it" : "Benvenuto!",
      "ru" : "Добро пожаловать!",
      "en" : "Welcome!",
      "es-MX" : "¡Te damos la bienvenida!",
      "es" : "¡Te damos la bienvenida!",
      "fr-CA" : "Bienvenue!",
      "de" : "Willkommen!",
      "zh-TW" : "歡迎！"
    },
    "seriesGroup" : {
      "hi-IN" : "सीरीज़ की जानकारी",
      "nl" : "Over de reeks",
      "pt-BR" : "Informações da série",
      "en-CA" : "About the series",
      "ja" : "このシリーズについて",
      "en-IN" : "About the series",
      "en-US" : "About the series",
      "zh-CN" : "关于系列",
      "en-AU" : "About the series",
      "es-US" : "Acerca de la serie",
      "fr" : "À propos de cette série",
      "it" : "Informazioni sulle serie",
      "ru" : "Об этой серии",
      "en" : "About the series",
      "es-MX" : "Acerca de la serie",
      "es" : "Acerca de la serie",
      "fr-CA" : "À propos de cette série",
      "de" : "Infos zur Serie",
      "zh-TW" : "關於套書"
    },
    "xrayGroup" : {
      "hi-IN" : "X-Ray",
      "nl" : "X-Ray",
      "pt-BR" : "X-Ray",
      "en-CA" : "X-Ray",
      "ja" : "X-Ray",
      "en-IN" : "X-Ray",
      "en-US" : "X-Ray",
      "zh-CN" : "X-Ray",
      "en-AU" : "X-Ray",
      "fr" : "X-Ray",
      "it" : "X-Ray",
      "ru" : "X-Ray",
      "es-US" : "X-Ray",
      "en" : "X-Ray",
      "zh-TW" : "X-Ray",
      "es" : "X-Ray",
      "es-MX" : "X-Ray",
      "de" : "X-Ray",
      "fr-CA" : "X-Ray"
    },
    "kuTeaserGroup" : {
      "hi-IN" : "Kindle Unlimited",
      "nl" : "Kindle Unlimited",
      "pt-BR" : "Kindle Unlimited",
      "en-CA" : "Kindle Unlimited",
      "ja" : "Kindle Unlimited",
      "en-IN" : "Kindle Unlimited",
      "en-US" : "Kindle Unlimited",
      "zh-CN" : "Kindle Unlimited",
      "en-AU" : "Kindle Unlimited",
      "es-US" : "Kindle Unlimited",
      "fr" : "Abonnement Kindle",
      "it" : "Kindle Unlimited",
      "ru" : "Kindle Unlimited",
      "en" : "Kindle Unlimited",
      "es-MX" : "Kindle Unlimited",
      "es" : "Kindle Unlimited",
      "fr-CA" : "Kindle Unlimited",
      "de" : "Kindle Unlimited",
      "zh-TW" : "Kindle Unlimited"
    },
    "citationsGroup" : {
      "hi-IN" : "इस किताब में बताया गया है",
      "nl" : "Genoemd in dit boek",
      "pt-BR" : "Mencionado neste livro",
      "en-CA" : "Mentioned in this book",
      "ja" : "この作品に出てくる本",
      "en-IN" : "Mentioned in this book",
      "en-US" : "Mentioned in this book",
      "zh-CN" : "本书提及的",
      "en-AU" : "Mentioned in this book",
      "es-US" : "Mencionado en este libro",
      "fr" : "Mentionnés dans ce livre",
      "it" : "Menzionati in questo libro",
      "ru" : "Упоминается в этой книге",
      "en" : "Mentioned in this book",
      "es-MX" : "Mencionado en este libro",
      "es" : "Mencionado en este libro",
      "fr-CA" : "Mentionnés dans ce livre",
      "de" : "In diesem Buch erwähnt",
      "zh-TW" : "本書所提到"
    },
    "audibleGroup" : {
      "hi-IN" : "AUDIBLE पर सुनें",
      "nl" : "Luisteren met Audible",
      "pt-BR" : "Escute com a Audible",
      "en-CA" : "Listen with Audible",
      "ja" : "Audibleで再生",
      "en-IN" : "Listen with Audible",
      "en-US" : "Listen with Audible",
      "zh-CN" : "使用 Audible 听书",
      "en-AU" : "Listen with Audible",
      "es-US" : "Escuchar con Audible",
      "fr" : "Écouter avec Audible",
      "it" : "Ascolta con Audible",
      "ru" : "Слушать с помощью Audible",
      "en" : "Listen with Audible",
      "es-MX" : "Escuchar con Audible",
      "es" : "Escuchar con Audible",
      "fr-CA" : "Écouter avec Audible",
      "de" : "Mit Audible anhören",
      "zh-TW" : "以Audible收聽"
    },
    "authorsGroupWithSingleAuthor" : {
      "hi-IN" : "लेखक की जानकारी",
      "nl" : "Over de auteur",
      "pt-BR" : "Informações do autor",
      "en-CA" : "About the author",
      "ja" : "著者について",
      "en-IN" : "About the author",
      "en-US" : "About the author",
      "zh-CN" : "关于作者",
      "en-AU" : "About the author",
      "es-US" : "Acerca del autor",
      "fr" : "À propos de l'auteur",
      "it" : "Informazioni sull'autore",
      "ru" : "Об авторе",
      "en" : "About the author",
      "es-MX" : "Acerca del autor",
      "es" : "Acerca del autor",
      "fr-CA" : "À propos de l'auteur",
      "de" : "Über den Autor",
      "zh-TW" : "關於作者"
    },
    "readingTimeGroup" : {
      "hi-IN" : "आम तौर पर पढ़ने का समय",
      "nl" : "Gebruikelijke leestijd",
      "pt-BR" : "Tempo típico para leitura",
      "en-CA" : "Typical time to read",
      "ja" : "読み終えるまでの平均的な時間",
      "en-IN" : "Typical time to read",
      "en-US" : "Typical time to read",
      "zh-CN" : "常规阅读时间",
      "en-AU" : "Typical time to read",
      "es-US" : "Tiempo de lectura típico",
      "fr" : "Temps de lecture typique",
      "it" : "Tempo di lettura tipico",
      "ru" : "Среднее время чтения",
      "en" : "Typical time to read",
      "es-MX" : "Tiempo de lectura típico",
      "es" : "Tiempo de lectura típico",
      "fr-CA" : "Temps de lecture habituel",
      "de" : "Typische Lesezeit",
      "zh-TW" : "一般閱讀時間"
    }
  }
}