{
    "name": "Font",
    "settings": [
        {
            "identifier": 8,
            "priority": 100,
            "display": {
                "type": "custom",
            },
            "disabledDisplay": {
                "type": "none",
            }
        },
        {
            "identifier": 50,
            "priority": 300,
            "display": {
                "type": "disclosure",
                "title": "Manage Downloadable Fonts",
                "titleDefault": "Manage Downloadable Fonts",
                "subTitle": "Download or remove reading fonts with large file sizes",
                "contents": [
                    {
                        "identifier": 50,
                        "priority": 0,
                        "display": {
                            "type": "custom",
                        },
                        "disabledDisplay": {
                            "type": "none"
                        }
                    }
                ]
            },
            "disabledDisplay": {
                "type": "none"
            }
        },
    ]
}
