{
    "name": "GuidedView",
    "settings": [
        {
            "identifier": 56,
            "priority": 100,
            "display": {
                "type": "toggle",
                "title": "kre_aamenu_cmx_open_in_guided_view",
                "titleDefault": "Open in Guided View",
                "subTitle": "kre_aamenu_cmx_open_in_guided_view_description",
                "subTitleDefault": "Swipe or tap to cinematically shift from panel-to-panel at your own pace.",
            },
            "disabledDisplay": {
                "type": "none",
            }
        },
        {
            "identifier": 54,
            "priority": 300,
            "display": {
                "type": "toggle",
                "title": "kre_aamenu_cmx_show_page_on_enter",
                "titleDefault": "Show Page on Enter",
                "subTitle": "kre_aamenu_cmx_show_page_on_enter_description",
                "subTitleDefault": "When entering the start of a new page in Guided View, the full page will be shown. Swipe or tap to continue with Guided View.",
            },
            "disabledDisplay": {
                "type": "none",
            }
        },
        {
            "identifier": 55,
            "priority": 400,
            "display": {
                "type": "toggle",
                "title": "kre_aamenu_cmx_show_page_on_exit",
                "titleDefault": "Show Page on Exit",
                "subTitle": "kre_aamenu_cmx_show_page_on_exit_description",
                "subTitleDefault": "When exiting the last panel of the page in Guided View, the full page will be shown. Swipe or tap to continue to the next page.",
            },
            "disabledDisplay": {
                "type": "none",
            }
        },
    ]
}
