{
    "name": "Layout",
    "settings": [
        {
            "identifier": 26,
            "priority": 200,
            "display": {
                "type": "toggle",
                "title": "Continuous Scrolling",
                "titleDefault": "Continuous Scrolling",
            },
            "disabledDisplay": {
                "type": "message",
                "title": "Continuous Scrolling",
                "titleDefault": "Continuous Scrolling",
                "subTitle": "kre_aamenu_not_available",
                "subTitleDefault": "Not available.",
            }
        },
        {
            "identifier": 46,
            "priority": 200,
            "display": {
                "type": "toggle",
                "title": "kre_aamenu_vertical_scroll",
                "titleDefault": "Vertical Scroll (Landscape)",
            },
            "disabledDisplay": {
                "type": "none",
            }
        },
        {
            "identifier": 11,
            "priority": 300,
            "display": {
                "type": "radioGroup",
                "title": "kre_aamenu_spacing",
                "titleDefault": "Spacing",
                "buttonText": ["small", "medium", "large"],
                "buttonImagesSelected": ["ls-small", "ls-med", "ls-large"],
                "buttonImagesUnselected": ["ls-small", "ls-med", "ls-large"],
                "buttonIds": [1,2,3],
            },
            "disabledDisplay": {
                "type": "none",
            }
        },
        {
            "identifier": 9,
            "priority": 400,
            "display": {
                "type": "radioGroup",
                "title": "kre_aamenu_alignment",
                "titleDefault": "Alignment",
                "buttonText": ["ragged", "justified"],
                "buttonImagesSelected": ["ragged", "alignment-justify"],
                "buttonImagesUnselected": ["ragged", "alignment-justify"],
                "buttonIds": [1,2],
            },
            "disabledDisplay": {
                "type": "radioGroup",
                "title": "kre_aamenu_alignment",
                "titleDefault": "Alignment",
                "subTitle": "kre_aamenu_not_available_font_size_too_big",
                "subTitleDefault": "Not available. Reduce font size to enable setting.",
                "buttonText": ["ragged", "justified"],
                "buttonImagesSelected": ["ragged", "alignment-justify"],
                "buttonImagesUnselected": ["ragged", "alignment-justify"],
                "buttonIds": [1,2],
            }
        },
        {
            "identifier": 13,
            "priority": 500,
            "display": {
                "type": "radioGroup",
                "title": "kre_aamenu_margins",
                "titleDefault": "Margins",
                "buttonText": ["kre_aamenu_accessibility_label_small_margin", "kre_aamenu_accessibility_label_medium_margin","kre_aamenu_accessibility_label_large_margin"],
                "buttonTextDefault": ["Small margin", "Medium margin", "Large margin"],
                "buttonImagesSelected": ["margin-narrow", "margin-normal", "margin-wide"],
                "buttonImagesUnselected": ["margin-narrow", "margin-normal", "margin-wide"],
                "buttonIds": [1,2,3],
            },
            "disabledDisplay": {
                "type": "none",
            }
        },
        {
            "identifier": 6,
            "priority": 600,
            "display": {
                "type": "radioGroup",
                "title": "kre_aamenu_columns",
                "titleDefault": "Column",
                "buttonText": ["kre_aamenu_accessibility_label_one_column", "kre_aamenu_accessibility_label_two_column"],
                "buttonTextDefault": ["One column view", "Two column view"],
                "buttonImagesSelected": ["cc-single", "cc-double"],
                "buttonImagesUnselected": ["cc-single", "cc-double"],
                "buttonIds": [1,2],
            },
            "disabledDisplay": {
                "type": "none",
            }
        },
        {
            "identifier": 7,
            "priority": 601,
            "display": {
                "type": "radioGroup",
                "title": "kre_aamenu_columns",
                "titleDefault": "Column",
                "buttonText": ["kre_aamenu_accessibility_label_one_column", "kre_aamenu_accessibility_label_two_column", "kre_aamenu_accessibility_label_three_column"],
                "buttonTextDefault": ["One column view", "Two column view", "Three column view"],
                "buttonImagesSelected": ["cc-single", "cc-double", "cc-triple"],
                "buttonImagesUnselected": ["cc-single", "cc-double", "cc-triple"],
                "buttonIds": [1,2,3],
            },
            "disabledDisplay": {
                "type": "none",
            }
        },
        {
            "identifier": 32,
            "priority": 700,
            "display": {
                "type": "toggle",
                "title": "kre_aamenu_orientation_lock",
                "titleDefault": "Orientation Lock",
                "subtitle": "kre_aamenu_lock_screen_in_v2",
                "subTitleDefault": "Lock content in the current screen orientation. Turn off to use system orientation.",
            },
            "disabledDisplay": {
                "type": "none",
            }
        },
    ]
}
