{
    "name": "More",
    "settings": [
        {
            "identifier": 42,
            "priority": 50,
            "display": {
                "type": "toggle",
                "title": "kre_aamenu_show_media",
                "titleDefault": "Show Media"
            },
            "disabledDisplay": {
                "type": "none"
            }
        },
        {
            "identifier": 24,
            "priority": 75,
            "display": {
                "type": "toggle",
                "title": "kre_aamenu_autoplay_media",
                "titleDefault": "Autoplay Media"
            },
            "disabledDisplay": {
                "type": "none"
            }
        },
        {
            "identifier": 40,
            "priority": 100,
            "display": {
                "type": "disclosure",
                "title": "kre_aamenu_reading_ruler",
                "titleDefault": "Reading Ruler",
                "subTitle": "kre_aamenu_readingruler_desc",
                "subTitleDefault": "Add a colored ruler over text to help guide reading.",
                "contents": [
                    {
                        "identifier": 40,
                        "priority": 100,
                        "display": {
                            "type": "toggle",
                            "title": "kre_aamenu_reading_ruler",
                            "titleDefault": "Reading Ruler",
                            "subTitle": "kre_aamenu_readingruler_desc",
                            "subTitleDefault": "Add a colored ruler over text to help guide reading."
                        },
                        "disabledDisplay": {
                            "type": "none"
                        }
                    },
                    {
                        "identifier": 18,
                        "priority": 200,
                        "display": {
                            "type": "custom"
                        },
                        "disabledDisplay": {
                            "type": "none"
                        }
                    },
                    {
                        "identifier": 2,
                        "priority": 300,
                        "display": {
                            "type": "seekBar",
                            "title": "kre_aamenu_readingruler_opacity",
                            "titleDefault": "Ruler Opacity",
                            "minImage": "reading-ruler-opacity-min",
                            "maxImage": "reading-ruler-opacity-max",
                            "minValue": 0.2,
                            "maxValue": 1.0,
                            "increment": 0
                        },
                        "disabledDisplay": {
                            "type": "none"
                        }
                    },
                    {
                        "identifier": 19,
                        "priority": 400,
                        "display": {
                            "type": "radioGroup",
                            "title": "kre_aamenu_readingruler_style",
                            "titleDefault": "Ruler Style",
                            "buttonText": ["kre_aamenu_accessibility_label_readingruler_style_banded", "kre_aamenu_accessibility_label_readingruler_style_solid"],
                            "buttonTextDefault": ["Banded", "Solid"],
                            "buttonImagesSelected": ["reading-ruler-banded", "reading-ruler-solid"],
                            "buttonImagesUnselected": ["reading-ruler-banded", "reading-ruler-solid"],
                            "buttonIds": [1, 2]
                        },
                        "disabledDisplay": {
                            "type": "none"
                        }
                    },
                    {
                        "identifier": 20,
                        "priority": 500,
                        "display": {
                            "type": "radioGroup",
                            "title": "kre_aamenu_readingruler_number_of_lines",
                            "titleDefault": "Ruler Size",
                            "buttonText": ["kre_aamenu_accessibility_label_readingruler_number_of_lines_small","kre_aamenu_accessibility_label_readingruler_number_of_lines_medium","kre_aamenu_accessibility_label_readingruler_number_of_lines_large"],
                            "buttonTextDefault": ["Small Reading Ruler", "Medium Reading Ruler", "Large Reading Ruler"],
                            "buttonImagesSelected": ["reading-ruler-lines-one","reading-ruler-lines-three","reading-ruler-lines-five"],
                            "buttonImagesUnselected": ["reading-ruler-lines-one","reading-ruler-lines-three","reading-ruler-lines-five"],
                            "buttonIds": [1, 2, 3]
                        },
                        "disabledDisplay": {
                            "type": "none"
                        }
                    }
                ]
            },
            "disabledDisplay": {
                "type": "none"
            }
        },
        {
            "identifier": 15,
            "priority": 200,
            "display": {
                "type": "disclosure",
                "title": "kre_aamenu_reading_progress",
                "titleDefault": "Reading Progress",
                "subTitle": "kre_aamenu_reading_progress_description",
                "subTitleDefault": "Choose how to display your progress while reading.",
                "contents": [
                    {
                        "identifier": 15,
                        "priority": 0,
                        "display": {
                            "type": "custom"
                        },
                        "disabledDisplay": {
                            "type": "none"
                        }
                    }
                ]
            },
            "disabledDisplay": {
                "type": "none"
            }
        },
        {
            "identifier": 41,
            "priority": 250,
            "display": {
                "type": "toggle",
                "title": "Real-time Text Highlighting",
                "titleDefault": "Real-time Text Highlighting",
                "subTitle": "kre_aamenu_real_time_text_highlighting_description",
                "subTitleDefault": "Words will be highlighted while being narrated by Audible."
            },
            "disabledDisplay": {
                "type": "none"
            }
        },
        {
            "identifier": 36,
            "priority": 300,
            "display": {
                "type": "toggle",
                "title": "Popular Highlights",
                "titleDefault": "Popular Highlights",
                "subTitle": "kre_aamenu_popular_highlights_description",
                "subTitleDefault": "Show popular highlights on the page."
            },
            "disabledDisplay": {
                "type": "none"
            }
        },
        {
            "identifier": 30,
            "priority": 400,
            "display": {
                "type": "toggle",
                "title": "Highlight Menu",
                "titleDefault": "Highlight Menu",
                "subTitle": "kre_aamenu_highlight_menu_description",
                "subTitleDefault": "Show the highlight menu when you select a passage of text."
            },
            "disabledDisplay": {
                "type": "none"
            }
        },
        {
            "identifier": 38,
            "priority": 500,
            "display": {
                "type": "toggle",
                "title": "kre_aamenu_visible_clock",
                "titleDefault": "Visible Clock",
                "subTitle": "kre_aamenu_visible_clock_description",
                "subTitleDefault": "Display the current time on the page."
            },
            "disabledDisplay": {
                "type": "none"
            }
        },
        {
            "identifier": 22,
            "priority": 600,
            "display": {
                "type": "toggle",
                "title": "About This Book",
                "titleDefault": "About This Book",
                "subTitle": "kre_aamenu_show_information_about_book",
                "subTitleDefault": "Show information about the book when you open it for the first time."
            },
            "disabledDisplay": {
                "type": "none"
            }
        },
        {
            "identifier": 34,
            "priority": 700,
            "display": {
                "type": "toggle",
                "title": "Page turn animation",
                "titleDefault": "Page turn animation",
                "subTitle": "kre_aamenu_use_page_turn_animation",
                "subTitleDefault": "Use a page turn animation while reading."
            },
            "disabledDisplay": {
                "type": "message",
                "title": "Page turn animation",
                "titleDefault": "Page turn animation",
                "subTitle": "kre_aamenu_not_available_page_turn_animation",
                "subTitleDefault": "Not available. Turn off Continuous Scroll to enable setting."
            }
        }
    ]
}
